{
    "Winner": "",
    "Players": [
        "",
        ""
    ],
    "PlayerFigurs":["X", "O"],
    "CurrentPlayer": "X",
    "BackGroundSpotlightColor": "#409987",
    "LastMove": [],
    "GameType": "",
    "GameField": [
        [
            [
                ["", "", ""],
                ["", "", ""],
                ["", "", ""]
            ],
            [
                ["", "", ""],
                ["", "", ""],
                ["", "", ""]
            ],
            [
                ["", "", ""],
                ["", "", ""],
                ["", "", ""]
            ]
        ],
        [
            [
                ["", "", ""],
                ["", "", ""],
                ["", "", ""]
            ],
            [
                ["", "", ""],
                ["", "", ""],
                ["", "", ""]
            ],
            [
                ["", "", ""],
                ["", "", ""],
                ["", "", ""]
            ]
        ],
        [
            [
                ["", "", ""],
                ["", "", ""],
                ["", "", ""]
            ],
            [
                ["", "", ""],
                ["", "", ""],
                ["", "", ""]
            ],
            [
                ["", "", ""],
                ["", "", ""],
                ["", "", ""]
            ]
        ]
    ]
  }